item,title,tags,available
I01,Régression,ia|fondements,1
I02,Vision,ia|pratique,1
I03,NLP,ia|fondements,1
I04,Graphes,ia|pratique,1
I05,Éthique,ia|fondements,1
I06,Ranking,ia|pratique,1
I07,Médinas,patrimoine|fondements,1
I08,Archives,patrimoine|pratique,1
I09,Musées,patrimoine|fondements,1
I10,Architecture,patrimoine|pratique,1
I11,Artisanat,patrimoine|fondements,1
I12,Cartographie,patrimoine|pratique,1
I13,Irrigation,agriculture|fondements,1
I14,Sols,agriculture|pratique,1
I15,Capteurs,agriculture|fondements,1
I16,Récoltes,agriculture|pratique,1
I17,Climat,agriculture|fondements,1
I18,Diagnostic,agriculture|pratique,1
I19,Maintenance,industrie|fondements,1
I20,Robotique,industrie|pratique,1
I21,Qualité,industrie|fondements,1
I22,Énergie,industrie|pratique,1
I23,Logistique,industrie|fondements,1
I24,Sécurité,industrie|pratique,1
